ecosystem,packageName,name,displayName,description,recipeCount,category1,category2
maven,org.openrewrite.recipe:rewrite-hibernate,org.openrewrite.hibernate.AddScalarPreferStandardBasicTypes,AddScalarPreferStandardBasicTypesForHibernate5,Prefer the use of `StandardBasicTypes.*` in `NativeQuery.addScalar(...)` invocations.,1,,Hibernate
maven,org.openrewrite.recipe:rewrite-hibernate,org.openrewrite.hibernate.EmptyInterceptorToInterface,Replace `extends EmptyInterceptor` with `implements Interceptor` and potentially `StatementInspector`,In Hibernate 6.0 the `Interceptor` interface received default implementations therefore the NOOP implementation that could be extended was no longer needed. This recipe migrates 5.x `Interceptor#onPrepareStatement(String)` to 6.0 `StatementInspector#inspect()`.,1,,Hibernate
maven,org.openrewrite.recipe:rewrite-hibernate,org.openrewrite.hibernate.MigrateBooleanMappings,Replace boolean type mappings with converters,Replaces type mapping of booleans with appropriate attribute converters.,1,,Hibernate
maven,org.openrewrite.recipe:rewrite-hibernate,org.openrewrite.hibernate.MigrateDialect,Migrate Hibernate dialect to the generic dialect,Migrate Hibernate version-specific dialect classes removed by Hibernate 6.2 to their generic equivalents.,34,,Hibernate
maven,org.openrewrite.recipe:rewrite-hibernate,org.openrewrite.hibernate.MigrateRemovedDialectsHibernate70,Migrate dialects removed in Hibernate 7.0 to their generic equivalents,"Hibernate 7.0 removed the remaining version- and storage-specific dialect subclasses that still existed in Hibernate 6.x. The IBM-i (`DB2400*`) variants map to `DB2iDialect`, not the generic `DB2Dialect`; the HANA row/column-store variants and MariaDB 10.6 collapse into the generic `HANADialect` / `MariaDBDialect`, which autodetect behavior from the JDBC connection.",8,,Hibernate
maven,org.openrewrite.recipe:rewrite-hibernate,org.openrewrite.hibernate.MigrateResultCheckStyleToExpectation,Migration of `ResultCheckStyle` to `Expectation`,"Will migrate the usage of `org.hibernate.annotations.ResultCheckStyle` to `org.hibernate.jdbc.Expectation` in `@SQLInsert`, `@SqlUpdate`, `@SqlDelete` and `@SqlDeleteAll` annotations.",1,,Hibernate
maven,org.openrewrite.recipe:rewrite-hibernate,org.openrewrite.hibernate.MigrateToHibernate60,Migrate to Hibernate 6.0.x,This recipe will apply changes commonly needed when migrating to Hibernate 6.0.x. The hibernate dependencies will be updated to use the new `org.hibernate.orm` group ID and the recipe will make changes necessary to use Hibernate with Jakarta EE 9.0.,49,,Hibernate
maven,org.openrewrite.recipe:rewrite-hibernate,org.openrewrite.hibernate.MigrateToHibernate61,Migrate to Hibernate 6.1.x,This recipe will apply changes commonly needed when migrating to Hibernate 6.1.x. The hibernate dependencies will   be updated to use the new org.hibernate.orm group ID and the recipe will make changes necessary to use Hibernate with Jakarta EE 9.0.,51,,Hibernate
maven,org.openrewrite.recipe:rewrite-hibernate,org.openrewrite.hibernate.MigrateToHibernate62,Migrate to Hibernate 6.2.x,This recipe will apply changes commonly needed when migrating to Hibernate 6.2.x.,90,,Hibernate
maven,org.openrewrite.recipe:rewrite-hibernate,org.openrewrite.hibernate.MigrateToHibernate63,Migrate to Hibernate 6.3.x,This recipe will apply changes commonly needed when migrating to Hibernate 6.3.x.,94,,Hibernate
maven,org.openrewrite.recipe:rewrite-hibernate,org.openrewrite.hibernate.MigrateToHibernate64,Migrate to Hibernate 6.4.x,This recipe will apply changes commonly needed when migrating to Hibernate 6.4.x.,97,,Hibernate
maven,org.openrewrite.recipe:rewrite-hibernate,org.openrewrite.hibernate.MigrateToHibernate65,Migrate to Hibernate 6.5.x,This recipe will apply changes commonly needed when migrating to Hibernate 6.5.x.,100,,Hibernate
maven,org.openrewrite.recipe:rewrite-hibernate,org.openrewrite.hibernate.MigrateToHibernate66,Migrate to Hibernate 6.6.x,This recipe will apply changes commonly needed when migrating to Hibernate 6.6.x.,102,,Hibernate
maven,org.openrewrite.recipe:rewrite-hibernate,org.openrewrite.hibernate.MigrateToHibernate70,Migrate to Hibernate 7.0.x,This recipe will apply changes commonly needed when migrating to Hibernate 7.0.x.,128,,Hibernate
maven,org.openrewrite.recipe:rewrite-hibernate,org.openrewrite.hibernate.MigrateToHibernate71,Migrate to Hibernate 7.1.x,This recipe will apply changes commonly needed when migrating to Hibernate 7.1.x.,132,,Hibernate
maven,org.openrewrite.recipe:rewrite-hibernate,org.openrewrite.hibernate.MigrateToHibernateDependencies60,Migrate Hibernate dependencies to 6.0.x,This recipe will migrate any existing dependencies on Hibernate 5.x to the latest 6.0.x release. This migration will include the adjustment to the new `org.hibernate.orm` group ID. It accounts for artifacts names that both do and do not include the `jakarta` suffix and it will change both dependencies and managed dependencies.,20,,Hibernate
maven,org.openrewrite.recipe:rewrite-hibernate,org.openrewrite.hibernate.MigrateToHypersistenceUtilsHibernate60,Migrate Hibernate Types to Hypersistence Utils 6.0,This recipe will migrate any existing dependencies on `com.vladmihalcea:hibernate-types` to `io.hypersistence:hypersistence-utils-hibernate-60`. This migration will include the adjustment from the `com.vladmihalcea.hibernate` and `com.vladmihalcea.spring` packages to `io.hypersistence.utils.hibernate` and `io.hypersistence.utils.spring`.,9,,Hibernate
maven,org.openrewrite.recipe:rewrite-hibernate,org.openrewrite.hibernate.MigrateToHypersistenceUtilsHibernate62,Migrate Hibernate Types to Hypersistence Utils 6.2,This recipe will migrate any existing dependencies on `io.hypersistence:hypersistence-utils-hibernate-60` to `io.hypersistence:hypersistence-utils-hibernate-62`.,2,,Hibernate
maven,org.openrewrite.recipe:rewrite-hibernate,org.openrewrite.hibernate.MigrateToHypersistenceUtilsHibernate63,Migrate Hibernate Types to Hypersistence Utils 6.3,This recipe will migrate any existing dependencies on `io.hypersistence:hypersistence-utils-hibernate-62` to `io.hypersistence:hypersistence-utils-hibernate-63`.,2,,Hibernate
maven,org.openrewrite.recipe:rewrite-hibernate,org.openrewrite.hibernate.MigrateToHypersistenceUtilsHibernate70,Migrate Hibernate Types to Hypersistence Utils for Hibernate 7.0,This recipe will migrate any existing dependencies on `io.hypersistence:hypersistence-utils-hibernate-63` to `io.hypersistence:hypersistence-utils-hibernate-70`.,2,,Hibernate
maven,org.openrewrite.recipe:rewrite-hibernate,org.openrewrite.hibernate.MigrateToHypersistenceUtilsHibernate71,Migrate Hibernate Types to Hypersistence Utils for Hibernate 7.1,This recipe will migrate any existing dependencies on `io.hypersistence:hypersistence-utils-hibernate-70` to `io.hypersistence:hypersistence-utils-hibernate-71`.,2,,Hibernate
maven,org.openrewrite.recipe:rewrite-hibernate,org.openrewrite.hibernate.MigrateUserType,Migrate `UserType` to Hibernate 6,With Hibernate 6 the `UserType` interface received a type parameter making it more strictly typed. This recipe applies the changes required to adhere to this change.,1,,Hibernate
maven,org.openrewrite.recipe:rewrite-hibernate,org.openrewrite.hibernate.RemoveGeneratedValueStrategyWithGenericGenerator,Remove `@GeneratedValue` strategy when a custom `@GenericGenerator` is used,"Hibernate 7 rejects `@GeneratedValue(strategy = TABLE|SEQUENCE, generator = ""X"")` when `""X""` resolves to a `@GenericGenerator` rather than a `@TableGenerator`/`@SequenceGenerator`, and falls back to a plain JPA generator that looks for a table named `""X""`. Dropping the `strategy` attribute keeps the custom generator intact and remains compatible with Hibernate 5.",1,,Hibernate
maven,org.openrewrite.recipe:rewrite-hibernate,org.openrewrite.hibernate.RemoveInvalidHibernateGeneratedValueAnnotation,Remove invalid `@GeneratedValue` annotation,Removes `@GeneratedValue` annotation from fields that are not also annotated with `@Id`.,1,,Hibernate
maven,org.openrewrite.recipe:rewrite-hibernate,org.openrewrite.hibernate.ReplaceLazyCollectionAnnotation,Replace `@LazyCollection` with `jakarta.persistence.FetchType`,Adds the `FetchType` to jakarta annotations and deletes `@LazyCollection`.,1,,Hibernate
maven,org.openrewrite.recipe:rewrite-hibernate,org.openrewrite.hibernate.TypeAnnotationParameter,`@Type` annotation type parameter migration,Hibernate 6.x has 'type' parameter of type String replaced with 'value' of type class.,1,,Hibernate
maven,org.openrewrite.recipe:rewrite-hibernate,org.openrewrite.hibernate.TypeDescriptorToType,Rename `JavaTypeDescriptor` and `SqlTypeDescriptor` to `JavaType` and `SqlType`,Rename `JavaTypeDescriptor` and `SqlTypeDescriptor` to `JavaType` and `SqlType` respectively. See https://github.com/hibernate/hibernate-orm/blob/6.0/migration-guide.adoc#type-system for more details.,3,,Hibernate
maven,org.openrewrite.recipe:rewrite-hibernate,org.openrewrite.hibernate.validator.HibernateValidator_8_0,Migrate to Hibernate Validator 8.0.x,This recipe will apply changes commonly needed when migrating to Hibernate Validator 8.0.x.,2,Validator,Hibernate
maven,org.openrewrite.recipe:rewrite-hibernate,org.openrewrite.hibernate.validator.HibernateValidator_9_1,Migrate to Hibernate Validator 9.1.x,This recipe will apply changes commonly needed when migrating to Hibernate Validator 9.1.x.,5,Validator,Hibernate
maven,org.openrewrite.recipe:rewrite-hibernate,org.openrewrite.hibernate.validator.MoveValidToContainerElement,Move `@Valid` from the container to its element type,"Hibernate Validator 9.1 deprecates requesting cascaded validation at the container level, and warns while building the metadata for declarations such as `@Valid List<Order> orders`. Rewrites those to the type argument form `List<@Valid Order> orders` that has been available since Bean Validation 2.0. The element type argument is annotated for `Iterable` and `Optional` containers, and the value type argument for `Map`, matching where the built-in value extractors cascade to. `@Valid` on anything other than one of those containers is left alone, as are wildcard, raw, qualified and array type arguments.",1,Validator,Hibernate
